{
    "Bleomycin sulfate_Cabazitaxel_786-0": {
        "drug1": "Bleomycin sulfate",
        "drug2": "Cabazitaxel",
        "cell": "786-0",
        "dose_response": [
            [
                99.85135650634766,
                85.91380310058594,
                37.88434982299805,
                19.37705421447754
            ],
            [
                96.98316955566406,
                80.91484069824219,
                34.98639678955078,
                20.361061096191406
            ],
            [
                92.38139343261719,
                73.73580932617188,
                31.998607635498047,
                21.372175216674805
            ],
            [
                83.13793182373047,
                61.94816589355469,
                28.57782554626465,
                22.13874626159668
            ]
        ],
        "dose_response_gt": [
            [
                100.0,
                87.23533630371094,
                31.629833221435547,
                23.124500274658203
            ],
            [
                97.00450134277344,
                56.99800109863281,
                30.86400032043457,
                18.882999420166016
            ],
            [
                96.9255599975586,
                69.02999877929688,
                26.232999801635742,
                22.788999557495117
            ],
            [
                87.98809051513672,
                63.91699981689453,
                27.714000701904297,
                20.003000259399414
            ]
        ],
        "drug1_dose": [
            0.0,
            0.0009999999310821295,
            0.009999999776482582,
            0.10000000149011612
        ],
        "drug2_dose": [
            0.0,
            0.0004999999655410647,
            0.004999999888241291,
            0.05000000074505806
        ],
        "e1_mean": 0.5405534505844116,
        "e2_mean": 0.17547449469566345,
        "e3_mean": 0.22933048009872437,
        "logC1_mean": -1.105460286140442,
        "logC2_mean": -6.239229679107666,
        "h1_mean": 0.4570005536079407,
        "h2_mean": 1.1774003505706787,
        "sigma_mean": 0.15277579426765442,
        "alpha_mean": 5.388720989227295
    },
    "Azacitidine_Triethylenemelamine_MDA-MB-468": {
        "drug1": "Azacitidine",
        "drug2": "Triethylenemelamine",
        "cell": "MDA-MB-468",
        "dose_response": [
            [
                99.99998474121094,
                97.97972869873047,
                74.99641418457031,
                19.735013961791992
            ],
            [
                98.32489013671875,
                96.39096069335938,
                74.18657684326172,
                19.757740020751953
            ],
            [
                79.46041870117188,
                78.40261840820312,
                64.45536804199219,
                19.94581413269043
            ],
            [
                39.65464782714844,
                39.74345016479492,
                37.999752044677734,
                14.841217994689941
            ]
        ],
        "dose_response_gt": [
            [
                100.0,
                95.54290008544922,
                70.741455078125,
                19.539031982421875
            ],
            [
                98.05838012695312,
                92.54000091552734,
                79.33000183105469,
                24.579999923706055
            ],
            [
                72.56455993652344,
                85.3499984741211,
                60.529998779296875,
                18.579999923706055
            ],
            [
                33.913089752197266,
                29.729999542236328,
                22.700000762939453,
                11.869999885559082
            ]
        ],
        "drug1_dose": [
            0.0,
            0.029999999329447746,
            0.30000001192092896,
            3.0
        ],
        "drug2_dose": [
            0.0,
            0.05000000074505806,
            0.5,
            5.0
        ],
        "e1_mean": 0.3260515630245209,
        "e2_mean": 0.09535007923841476,
        "e3_mean": 0.07947570830583572,
        "logC1_mean": -0.6191493272781372,
        "logC2_mean": -0.08472323417663574,
        "h1_mean": 1.2499569654464722,
        "h2_mean": 1.2176792621612549,
        "sigma_mean": 0.0,
        "alpha_mean": 0.4209333658218384
    }
}